Name,Price
,
Metro-10900614,"Rs.4,299"
,
Metro-10900610,"Rs.2,999"
,
Metro-10900592,"Rs.2,299"
,
Metro-10900574,"Rs.2,899"
,
Metro-10900560,"Rs.2,699"
,
Metro-10850186,"Rs.4,299"
,
Metro-10700695,"Rs.2,999"
,
Metro-10900627,"Rs.2,299"
,
Metro-10900595,"Rs.2,899"
,
Metro-10900593,"Rs.2,699"
,
Metro-10900573,"Rs.2,599"
,
Metro-10850196,"Rs.1,999"
,
Metro-10850195,"Rs.3,499"
,
Metro-10950204,"Rs.2,299"
,
Metro-10950203,"Rs.2,299"
,
Metro-10950202,"Rs.2,699"
,
Metro-10950201,"Rs.1,899"
,
Metro-10950200,"Rs.1,699"
,
Metro-10950199,"Rs.6,398"
,
Metro-10950198,"Rs.3,199"
,
Metro-10900600,"Rs.6,398"
,
Metro-10700694,"Rs.3,199"
,
Metro-10650888,"Rs.6,398"
,
Metro-10601043,"Rs.3,199"
,
Metro-10601042,"Rs.6,398"
,
Metro-10450545,"Rs.3,199"
,
Metro-10900594,"Rs.3,599"
,
Metro-10900624,"Rs.2,499"
,
Metro-10900606,"Rs.2,499"
,
Metro-10700746,"Rs.3,599"
,
Metro-10700734,"Rs.1,999"
,
Metro-10601029,"Rs.3,599"
,
Metro-10400541,"Rs.2,799"
,
Metro-10400540,"Rs.2,899"
,
Metro-10900601,"Rs.4,699"
,
Metro-10900568,"Rs.2,299"
,
Metro-10900566,"Rs.4,499"
,
Metro-10900539,"Rs.3,599"
,
Metro-10700741,"Rs.4,398"
,
Metro-10700733,"Rs.2,199"
,
Metro-10700705,"Rs.2,199"
,
Metro-10700691,"Rs.5,499"
,
Metro-10900625,"Rs.6,999"
,
Metro-10900602,"Rs.3,499"
,
Metro-10900577,"Rs.8,398"
,
Metro-10601030,"Rs.4,199"
,
Metro-10400543,"Rs.8,198"
,
Metro-10900583,"Rs.4,099"
,
Metro-10700710,"Rs.5,398"
,
Metro-10700554,"Rs.2,699"
